--
-- PostgreSQL database dump
--

-- Dumped from database version 17.2
-- Dumped by pg_dump version 17.2

-- Started on 2025-02-14 09:44:21

SET statement_timeout = 0;
SET lock_timeout = 0;
SET idle_in_transaction_session_timeout = 0;
SET transaction_timeout = 0;
SET client_encoding = 'UTF8';
SET standard_conforming_strings = on;
SELECT pg_catalog.set_config('search_path', '', false);
SET check_function_bodies = false;
SET xmloption = content;
SET client_min_messages = warning;
SET row_security = off;

--
-- TOC entry 2 (class 3079 OID 16457)
-- Name: unaccent; Type: EXTENSION; Schema: -; Owner: -
--

CREATE EXTENSION IF NOT EXISTS unaccent WITH SCHEMA public;


--
-- TOC entry 4838 (class 0 OID 0)
-- Dependencies: 2
-- Name: EXTENSION unaccent; Type: COMMENT; Schema: -; Owner: 
--

COMMENT ON EXTENSION unaccent IS 'text search dictionary that removes accents';


SET default_tablespace = '';

SET default_table_access_method = heap;

--
-- TOC entry 219 (class 1259 OID 16390)
-- Name: categorias; Type: TABLE; Schema: public; Owner: postgres
--

CREATE TABLE public.categorias (
    id_categoria integer NOT NULL,
    descripcion character varying(255) NOT NULL,
    nombre character varying(100) NOT NULL
);


ALTER TABLE public.categorias OWNER TO postgres;

--
-- TOC entry 218 (class 1259 OID 16389)
-- Name: categorias_id_categoria_seq; Type: SEQUENCE; Schema: public; Owner: postgres
--

ALTER TABLE public.categorias ALTER COLUMN id_categoria ADD GENERATED BY DEFAULT AS IDENTITY (
    SEQUENCE NAME public.categorias_id_categoria_seq
    START WITH 1
    INCREMENT BY 1
    NO MINVALUE
    NO MAXVALUE
    CACHE 1
);


--
-- TOC entry 220 (class 1259 OID 16396)
-- Name: historial; Type: TABLE; Schema: public; Owner: postgres
--

CREATE TABLE public.historial (
    email character varying(150) NOT NULL,
    id_video integer NOT NULL
);


ALTER TABLE public.historial OWNER TO postgres;

--
-- TOC entry 221 (class 1259 OID 16401)
-- Name: usuarios; Type: TABLE; Schema: public; Owner: postgres
--

CREATE TABLE public.usuarios (
    email character varying(150) NOT NULL,
    contrasenia character varying(16) NOT NULL,
    nombre character varying(100) NOT NULL
);


ALTER TABLE public.usuarios OWNER TO postgres;

--
-- TOC entry 222 (class 1259 OID 16406)
-- Name: video_categoria; Type: TABLE; Schema: public; Owner: postgres
--

CREATE TABLE public.video_categoria (
    id_video integer NOT NULL,
    id_categoria integer NOT NULL
);


ALTER TABLE public.video_categoria OWNER TO postgres;

--
-- TOC entry 224 (class 1259 OID 16412)
-- Name: videos; Type: TABLE; Schema: public; Owner: postgres
--

CREATE TABLE public.videos (
    id_video integer NOT NULL,
    duracion integer NOT NULL,
    titulo character varying(255) NOT NULL,
    enlace_imagen character varying(255),
    enlace_video character varying(255) NOT NULL
);


ALTER TABLE public.videos OWNER TO postgres;

--
-- TOC entry 223 (class 1259 OID 16411)
-- Name: videos_id_video_seq; Type: SEQUENCE; Schema: public; Owner: postgres
--

ALTER TABLE public.videos ALTER COLUMN id_video ADD GENERATED BY DEFAULT AS IDENTITY (
    SEQUENCE NAME public.videos_id_video_seq
    START WITH 1
    INCREMENT BY 1
    NO MINVALUE
    NO MAXVALUE
    CACHE 1
);


--
-- TOC entry 4827 (class 0 OID 16390)
-- Dependencies: 219
-- Data for Name: categorias; Type: TABLE DATA; Schema: public; Owner: postgres
--

COPY public.categorias (id_categoria, descripcion, nombre) FROM stdin;
1	Categoría relacionada con la comunicación.	Comunicación
2	Categoría relacionada con la comunicación efectiva.	Comunicación efectiva
3	Categoría relacionada con el emprendimiento.	Emprendimiento
4	Categoría relacionada con la gestión de la innovación.	Gestión de la innovación
5	Categoría relacionada con las habilidades directivas.	Habilidades directivas
6	Categoría relacionada con la ideación.	Ideación
7	Categoría relacionada con el pensamiento estratégico.	Pensamiento estratégico
8	Formación relacionada con el análisis de impacto, desarrollo y estrategia	Analisis
9	Categoría relacionada con el desarrollo de negocio	Desarrollo de negocio
10	Categoría relacionada con la identificación de necesidades	Identificación de necesidades
11	Categoría relacionada con el video de ingresos	Adaptacion al entorno
12	Categoría relacionada con el video de ingresos	Cultura empresarial
13	Categoría relacionada con el video de ingresos	Toma de decisiones
\.


--
-- TOC entry 4828 (class 0 OID 16396)
-- Dependencies: 220
-- Data for Name: historial; Type: TABLE DATA; Schema: public; Owner: postgres
--

COPY public.historial (email, id_video) FROM stdin;
usuario1@email.com	1
usuario1@email.com	2
usuario1@email.com	3
usuario1@email.com	4
usuario1@email.com	5
usuario1@email.com	6
usuario1@email.com	7
usuario1@email.com	8
usuario1@email.com	9
usuario1@email.com	10
usuario1@email.com	11
usuario1@email.com	12
usuario1@email.com	13
usuario1@email.com	14
usuario1@email.com	15
usuario1@email.com	16
usuario2@email.com	1
usuario2@email.com	2
usuario2@email.com	3
usuario2@email.com	4
usuario2@email.com	5
usuario2@email.com	6
usuario2@email.com	7
usuario2@email.com	8
usuario2@email.com	9
usuario2@email.com	10
usuario2@email.com	11
usuario2@email.com	12
usuario2@email.com	13
usuario3@email.com	1
usuario3@email.com	2
usuario3@email.com	3
usuario3@email.com	4
usuario3@email.com	5
usuario3@email.com	6
usuario3@email.com	7
usuario3@email.com	8
usuario3@email.com	9
usuario3@email.com	10
usuario4@email.com	1
usuario4@email.com	2
usuario4@email.com	3
usuario4@email.com	4
usuario4@email.com	5
usuario4@email.com	6
usuario5@email.com	1
usuario5@email.com	2
usuario5@email.com	3
usuario5@email.com	4
usuario5@email.com	5
usuario5@email.com	6
usuario5@email.com	7
usuario5@email.com	8
\.


--
-- TOC entry 4829 (class 0 OID 16401)
-- Dependencies: 221
-- Data for Name: usuarios; Type: TABLE DATA; Schema: public; Owner: postgres
--

COPY public.usuarios (email, contrasenia, nombre) FROM stdin;
usuario1@email.com	clave1234	Juan Pérez
usuario2@email.com	segura5678	María García
usuario3@email.com	pass9012	Carlos López
usuario4@email.com	abcde3456	Ana Fernández
usuario5@email.com	contraseña7890	David Martínez
\.


--
-- TOC entry 4830 (class 0 OID 16406)
-- Dependencies: 222
-- Data for Name: video_categoria; Type: TABLE DATA; Schema: public; Owner: postgres
--

COPY public.video_categoria (id_video, id_categoria) FROM stdin;
1	1
1	2
2	1
2	2
3	1
3	2
4	1
4	2
5	1
5	2
6	1
6	2
7	1
7	2
8	1
8	2
9	1
9	2
10	1
10	2
11	1
11	2
12	3
12	4
12	5
12	6
12	7
13	8
13	4
13	6
13	7
14	9
14	3
14	4
14	10
14	7
15	11
15	12
15	9
15	4
15	5
15	13
16	1
16	2
\.


--
-- TOC entry 4832 (class 0 OID 16412)
-- Dependencies: 224
-- Data for Name: videos; Type: TABLE DATA; Schema: public; Owner: postgres
--

COPY public.videos (id_video, duracion, titulo, enlace_imagen, enlace_video) FROM stdin;
1	10	Agresión	https://espacioidea.uanaknow.com/wp-content/uploads/2024/12/pavan-trikutam-71CjSSB83Wo-unsplash-1024x683.jpg	https://espacioidea.uanaknow.com/videos/agresion/
2	12	Exigencias	https://espacioidea.uanaknow.com/wp-content/uploads/2024/12/onur-kurt-M2vLaC_qfBM-unsplash-1024x699.jpg	https://espacioidea.uanaknow.com/videos/exigencias/
3	15	Interrupciones	https://espacioidea.uanaknow.com/wp-content/uploads/2024/12/christina-langford-miller-RmWC-s6gKk4-unsplash-866x1024.jpg	https://espacioidea.uanaknow.com/videos/interrupciones/
4	8	Resistencia	https://espacioidea.uanaknow.com/wp-content/uploads/2024/12/mina-rad-FAWfiEh096E-unsplash-1024x780.jpg	https://espacioidea.uanaknow.com/videos/resistencia/
5	20	Quejas	https://espacioidea.uanaknow.com/wp-content/uploads/2024/12/jason-rosewell-ASKeuOZqhYU-unsplash-1024x683.jpg	https://espacioidea.uanaknow.com/videos/quejas/
6	18	Técnicas de influencia en la comunicación	https://espacioidea.uanaknow.com/wp-content/uploads/2024/12/pexels-shvets-production-7176319-1024x683.jpg	https://espacioidea.uanaknow.com/videos/tecnicas-de-influencia-en-la-comunicacion/
8	30	Identificar	https://espacioidea.uanaknow.com/wp-content/uploads/2024/12/emmanuel-ikwuegbu-HMPbcsTP8_g-unsplash-1024x684.jpg	https://espacioidea.uanaknow.com/videos/identificar/
9	22	Resumir	https://espacioidea.uanaknow.com/wp-content/uploads/2024/12/anna-vander-stel-zimQNLdnKp0-unsplash-1024x683.jpg	https://espacioidea.uanaknow.com/videos/resumir/
10	16	Enfocarse	https://espacioidea.uanaknow.com/wp-content/uploads/2024/12/khashayar-kouchpeydeh-_he2AXXtmZk-unsplash-1024x683.jpg	https://espacioidea.uanaknow.com/videos/enfocarse/
11	9	Demostrar interés	https://espacioidea.uanaknow.com/wp-content/uploads/2024/12/alexis-brown-omeaHbEFlN4-unsplash-1024x683.jpg	https://espacioidea.uanaknow.com/videos/demostrar-interes/
12	14	Building a vision for a great innovation	https://espacioidea.uanaknow.com/wp-content/uploads/2024/08/Building-a-vision-for-a-great-innovation-1024x683.jpg	https://espacioidea.uanaknow.com/videos/building-a-vision-for-a-great-innovation/
13	11	How to design and analyse the creation of impact from rearch, development and innovation	https://espacioidea.uanaknow.com/wp-content/uploads/2024/08/How-to-design-and-analyse-the-creation-of-impact-from-rearch-development-and-innovation-1024x683.jpg	https://espacioidea.uanaknow.com/videos/how-to-design-and-analyse-the-creation-of-impact-from-rearch-development-and-innovation/
14	7	Descubre los elementos fundamentales de un modelo de negocio y las relaciones fundamentales entre ellos	https://espacioidea.uanaknow.com/wp-content/uploads/2024/08/Descubre-los-elementos-fundamentales-de-un-modelo-de-negocio-y-las-relaciones-fundamentales-entre-ellos-1024x683.jpg	https://espacioidea.uanaknow.com/videos/descubre-los-elementos-fundamentales-de-un-modelo-de-negocio-y-las-relaciones-fundamentales-entre-ellos/
15	17	Descubre el funcionamiento de los diferentes modelos de generación de ingresos que se han desarrollado en la última década	https://espacioidea.uanaknow.com/wp-content/uploads/2024/08/Descubre-el-funcionamiento-de-los-diferentes-modelos-de-generacion-de-ingresos-que-se-han-desarrollado-en-la-ultima-decada-1024x683.jpg	https://espacioidea.uanaknow.com/videos/descubre-el-funcionamiento-de-los-diferentes-modelos-de-generacion-de-ingresos-que-se-han-desarrollado-en-la-ultima-decada/
16	13	How to create a winning first impression	https://espacioidea.uanaknow.com/wp-content/uploads/2024/08/How-to-create-a-winning-first-impression-1024x631.jpg	https://espacioidea.uanaknow.com/videos/how-to-create-a-winning-first-impression/
7	25	Introducción	\N	https://espacioidea.uanaknow.com/videos/introduccion/
\.


--
-- TOC entry 4839 (class 0 OID 0)
-- Dependencies: 218
-- Name: categorias_id_categoria_seq; Type: SEQUENCE SET; Schema: public; Owner: postgres
--

SELECT pg_catalog.setval('public.categorias_id_categoria_seq', 16, true);


--
-- TOC entry 4840 (class 0 OID 0)
-- Dependencies: 223
-- Name: videos_id_video_seq; Type: SEQUENCE SET; Schema: public; Owner: postgres
--

SELECT pg_catalog.setval('public.videos_id_video_seq', 16, true);


--
-- TOC entry 4666 (class 2606 OID 16394)
-- Name: categorias categorias_pkey; Type: CONSTRAINT; Schema: public; Owner: postgres
--

ALTER TABLE ONLY public.categorias
    ADD CONSTRAINT categorias_pkey PRIMARY KEY (id_categoria);


--
-- TOC entry 4670 (class 2606 OID 16465)
-- Name: historial historial_pkey; Type: CONSTRAINT; Schema: public; Owner: postgres
--

ALTER TABLE ONLY public.historial
    ADD CONSTRAINT historial_pkey PRIMARY KEY (email, id_video);


--
-- TOC entry 4668 (class 2606 OID 16420)
-- Name: categorias ukqcog8b7hps1hioi9onqwjdt6y; Type: CONSTRAINT; Schema: public; Owner: postgres
--

ALTER TABLE ONLY public.categorias
    ADD CONSTRAINT ukqcog8b7hps1hioi9onqwjdt6y UNIQUE (nombre);


--
-- TOC entry 4672 (class 2606 OID 16405)
-- Name: usuarios usuarios_pkey; Type: CONSTRAINT; Schema: public; Owner: postgres
--

ALTER TABLE ONLY public.usuarios
    ADD CONSTRAINT usuarios_pkey PRIMARY KEY (email);


--
-- TOC entry 4674 (class 2606 OID 16410)
-- Name: video_categoria video_categoria_pkey; Type: CONSTRAINT; Schema: public; Owner: postgres
--

ALTER TABLE ONLY public.video_categoria
    ADD CONSTRAINT video_categoria_pkey PRIMARY KEY (id_categoria, id_video);


--
-- TOC entry 4676 (class 2606 OID 16418)
-- Name: videos videos_pkey; Type: CONSTRAINT; Schema: public; Owner: postgres
--

ALTER TABLE ONLY public.videos
    ADD CONSTRAINT videos_pkey PRIMARY KEY (id_video);


--
-- TOC entry 4677 (class 2606 OID 16421)
-- Name: historial historial_email_fkey; Type: FK CONSTRAINT; Schema: public; Owner: postgres
--

ALTER TABLE ONLY public.historial
    ADD CONSTRAINT historial_email_fkey FOREIGN KEY (email) REFERENCES public.usuarios(email);


--
-- TOC entry 4678 (class 2606 OID 16426)
-- Name: historial historial_id_video_fkey; Type: FK CONSTRAINT; Schema: public; Owner: postgres
--

ALTER TABLE ONLY public.historial
    ADD CONSTRAINT historial_id_video_fkey FOREIGN KEY (id_video) REFERENCES public.videos(id_video);


--
-- TOC entry 4679 (class 2606 OID 16436)
-- Name: video_categoria video_categoria_id_categoria_fkey; Type: FK CONSTRAINT; Schema: public; Owner: postgres
--

ALTER TABLE ONLY public.video_categoria
    ADD CONSTRAINT video_categoria_id_categoria_fkey FOREIGN KEY (id_categoria) REFERENCES public.categorias(id_categoria);


--
-- TOC entry 4680 (class 2606 OID 16431)
-- Name: video_categoria video_categoria_id_video_fkey; Type: FK CONSTRAINT; Schema: public; Owner: postgres
--

ALTER TABLE ONLY public.video_categoria
    ADD CONSTRAINT video_categoria_id_video_fkey FOREIGN KEY (id_video) REFERENCES public.videos(id_video);


-- Completed on 2025-02-14 09:44:24

--
-- PostgreSQL database dump complete
--

